{
    "member_0": {
        "bestAttackedWeight": [
            0.37364539038665323,
            0.42156169434321966,
            0.2231023588552806,
            0.24752198779568885,
            0.472614260420092,
            0.47406391514265805,
            0.46973695752293154,
            0.47406391514265805,
            0.5399308511744277,
            0.5139014578959268,
            0.5399308511744277,
            0.5386828856988632
        ],
        "kernel_idx": [
            [
                1,
                1,
                16,
                20,
                "layer2.0.conv1",
                1,
                4
            ],
            [
                1,
                1,
                16,
                20,
                "layer2.0.conv1",
                1,
                0
            ],
            [
                1,
                1,
                16,
                20,
                "layer2.0.conv1",
                1,
                5
            ],
            [
                1,
                1,
                16,
                20,
                "layer2.0.conv1",
                1,
                2
            ],
            [
                1,
                1,
                20,
                32,
                "layer1.1.conv2",
                1,
                5
            ],
            [
                1,
                1,
                20,
                32,
                "layer1.1.conv2",
                1,
                4
            ],
            [
                1,
                1,
                20,
                32,
                "layer1.1.conv2",
                1,
                8
            ],
            [
                1,
                1,
                20,
                32,
                "layer1.1.conv2",
                1,
                7
            ],
            [
                1,
                1,
                32,
                11,
                "layer1.1.conv1",
                1,
                4
            ],
            [
                1,
                1,
                32,
                11,
                "layer1.1.conv1",
                1,
                8
            ],
            [
                1,
                1,
                32,
                11,
                "layer1.1.conv1",
                1,
                6
            ],
            [
                1,
                1,
                32,
                11,
                "layer1.1.conv1",
                1,
                0
            ]
        ]
    }
}