{
    "member_0": {
        "bestAttackedWeight": [
            0.3813810033170966,
            0.4077460286823387,
            0.3391623503182996,
            0.4112508865613353,
            0.4809257245418307,
            0.5056795409914174,
            0.5056795409914174,
            0.4250047982833635,
            0.69466964421927,
            0.6843004076491817,
            0.6719969205743133,
            0.69466964421927
        ],
        "kernel_idx": [
            [
                1,
                1,
                50,
                8,
                "layer2.0.conv1",
                1,
                4
            ],
            [
                1,
                1,
                50,
                8,
                "layer2.0.conv1",
                1,
                0
            ],
            [
                1,
                1,
                50,
                8,
                "layer2.0.conv1",
                1,
                8
            ],
            [
                1,
                1,
                50,
                8,
                "layer2.0.conv1",
                1,
                3
            ],
            [
                1,
                1,
                8,
                38,
                "layer1.1.conv2",
                1,
                3
            ],
            [
                1,
                1,
                8,
                38,
                "layer1.1.conv2",
                1,
                4
            ],
            [
                1,
                1,
                8,
                38,
                "layer1.1.conv2",
                1,
                0
            ],
            [
                1,
                1,
                8,
                38,
                "layer1.1.conv2",
                1,
                1
            ],
            [
                1,
                1,
                38,
                41,
                "layer1.1.conv1",
                1,
                4
            ],
            [
                1,
                1,
                38,
                41,
                "layer1.1.conv1",
                1,
                7
            ],
            [
                1,
                1,
                38,
                41,
                "layer1.1.conv1",
                1,
                8
            ],
            [
                1,
                1,
                38,
                41,
                "layer1.1.conv1",
                1,
                5
            ]
        ]
    }
}