{
    "member_0": {
        "bestAttackedWeight": [
            0.4898534304714112,
            0.481432458161983,
            0.4535874772996834,
            0.5153,
            0.40283370162899734,
            0.3730040220894103,
            0.4596178370746285,
            0.28282125898594057,
            0.6024946709709496,
            0.5512980179796908,
            0.6514233388244062,
            0.5488072493782571
        ],
        "kernel_idx": [
            [
                1,
                1,
                47,
                50,
                "layer2.0.conv1",
                1,
                4
            ],
            [
                1,
                1,
                47,
                50,
                "layer2.0.conv1",
                1,
                8
            ],
            [
                1,
                1,
                47,
                50,
                "layer2.0.conv1",
                1,
                5
            ],
            [
                1,
                1,
                47,
                50,
                "layer2.0.conv1",
                1,
                0
            ],
            [
                1,
                1,
                50,
                54,
                "layer1.1.conv2",
                1,
                7
            ],
            [
                1,
                1,
                50,
                54,
                "layer1.1.conv2",
                1,
                4
            ],
            [
                1,
                1,
                50,
                54,
                "layer1.1.conv2",
                1,
                3
            ],
            [
                1,
                1,
                50,
                54,
                "layer1.1.conv2",
                1,
                0
            ],
            [
                1,
                1,
                54,
                51,
                "layer1.1.conv1",
                1,
                4
            ],
            [
                1,
                1,
                54,
                51,
                "layer1.1.conv1",
                1,
                5
            ],
            [
                1,
                1,
                54,
                51,
                "layer1.1.conv1",
                1,
                3
            ],
            [
                1,
                1,
                54,
                51,
                "layer1.1.conv1",
                1,
                7
            ]
        ]
    }
}