{
    "member_0": {
        "bestAttackedWeight0": [
            0.5023502894186714,
            0.49549911461355706,
            0.48906185603247326,
            0.4959939740379965,
            0.4007154144191237,
            0.4007154144191237,
            0.4007154144191237,
            0.38048161315372625,
            0.5768030738412052,
            0.47941774023100536,
            0.5490036656849315,
            0.5768030738412052
        ],
        "kernel_idx": [
            [
                1,
                1,
                18,
                32,
                "layer2.0.conv1",
                1,
                8
            ],
            [
                1,
                1,
                18,
                32,
                "layer2.0.conv1",
                1,
                0
            ],
            [
                1,
                1,
                18,
                32,
                "layer2.0.conv1",
                1,
                3
            ],
            [
                1,
                1,
                18,
                32,
                "layer2.0.conv1",
                1,
                5
            ],
            [
                1,
                1,
                32,
                16,
                "layer1.1.conv2",
                1,
                5
            ],
            [
                1,
                1,
                32,
                16,
                "layer1.1.conv2",
                1,
                8
            ],
            [
                1,
                1,
                32,
                16,
                "layer1.1.conv2",
                1,
                2
            ],
            [
                1,
                1,
                32,
                16,
                "layer1.1.conv2",
                1,
                4
            ],
            [
                1,
                1,
                16,
                52,
                "layer1.1.conv1",
                1,
                5
            ],
            [
                1,
                1,
                16,
                52,
                "layer1.1.conv1",
                1,
                8
            ],
            [
                1,
                1,
                16,
                52,
                "layer1.1.conv1",
                1,
                2
            ],
            [
                1,
                1,
                16,
                52,
                "layer1.1.conv1",
                1,
                1
            ]
        ]
    }
}