{
    "member_0": {
        "RoundNum": 200,
        "bestAttackedWeight": [
            0.32696965553787344,
            0.4981674964565991,
            0.34811526177644264,
            0.3085468834645157,
            0.31795785921704245,
            0.41072180767336636,
            0.3424076645530139,
            0.31943598991523636,
            0.3909986729407544,
            0.7253977760995337,
            0.632974050691122,
            0.5614017246814
        ],
        "kernel_idx": [
            [
                1,
                1,
                37,
                7,
                "layer2.0.conv1",
                1,
                3
            ],
            [
                1,
                1,
                37,
                7,
                "layer2.0.conv1",
                1,
                1
            ],
            [
                1,
                1,
                37,
                7,
                "layer2.0.conv1",
                1,
                8
            ],
            [
                1,
                1,
                37,
                7,
                "layer2.0.conv1",
                1,
                0
            ],
            [
                1,
                1,
                7,
                51,
                "layer1.1.conv2",
                1,
                8
            ],
            [
                1,
                1,
                7,
                51,
                "layer1.1.conv2",
                1,
                7
            ],
            [
                1,
                1,
                7,
                51,
                "layer1.1.conv2",
                1,
                4
            ],
            [
                1,
                1,
                7,
                51,
                "layer1.1.conv2",
                1,
                5
            ],
            [
                1,
                1,
                51,
                10,
                "layer1.1.conv1",
                1,
                4
            ],
            [
                1,
                1,
                51,
                10,
                "layer1.1.conv1",
                1,
                3
            ],
            [
                1,
                1,
                51,
                10,
                "layer1.1.conv1",
                1,
                5
            ],
            [
                1,
                1,
                51,
                10,
                "layer1.1.conv1",
                1,
                6
            ]
        ]
    }
}