{
    "member_0": {
        "bestAttackedWeight": [
            3.2949992331881743,
            3.3653384670453645,
            2.4159954447238587,
            3.33483686446321,
            0.34189582895487547,
            0.32406461977838863,
            0.34189582895487547,
            0.3375743313878318,
            0.9401983604766428,
            0.9206201390296993,
            0.8985631983337286,
            0.9401983604766428
        ],
        "kernel_idx": [
            [
                1,
                1,
                1,
                122,
                "model.model.6.m.3.cv2.conv",
                1,
                1
            ],
            [
                1,
                1,
                1,
                122,
                "model.model.6.m.3.cv2.conv",
                1,
                3
            ],
            [
                1,
                1,
                1,
                122,
                "model.model.6.m.3.cv2.conv",
                1,
                6
            ],
            [
                1,
                1,
                1,
                122,
                "model.model.6.m.3.cv2.conv",
                1,
                0
            ],
            [
                1,
                1,
                122,
                58,
                "model.model.6.m.3.cv1.conv",
                1,
                1
            ],
            [
                1,
                1,
                122,
                58,
                "model.model.6.m.3.cv1.conv",
                1,
                3
            ],
            [
                1,
                1,
                122,
                58,
                "model.model.6.m.3.cv1.conv",
                1,
                0
            ],
            [
                1,
                1,
                122,
                58,
                "model.model.6.m.3.cv1.conv",
                1,
                8
            ],
            [
                1,
                1,
                58,
                113,
                "model.model.6.m.2.cv2.conv",
                1,
                8
            ],
            [
                1,
                1,
                58,
                113,
                "model.model.6.m.2.cv2.conv",
                1,
                5
            ],
            [
                1,
                1,
                58,
                113,
                "model.model.6.m.2.cv2.conv",
                1,
                6
            ],
            [
                1,
                1,
                58,
                113,
                "model.model.6.m.2.cv2.conv",
                1,
                7
            ]
        ]
    }
}