{
    "member_0": {
        "bestAttackedWeight": [
            0.20796738052740693,
            0.19607070727800208,
            0.20796738052740693,
            1.8211397067678443,
            1.835473178245224,
            1.7137420468704863,
            0.3171915535349399,
            0.3171349005935943,
            0.3171915535349399
        ],
        "kernel_idx": [
            [
                1,
                1,
                27,
                3,
                "model.model.4.m.3.cv1.conv",
                1,
                3
            ],
            [
                1,
                1,
                27,
                3,
                "model.model.4.m.3.cv1.conv",
                1,
                4
            ],
            [
                1,
                1,
                27,
                3,
                "model.model.4.m.3.cv1.conv",
                1,
                5
            ],
            [
                1,
                1,
                3,
                0,
                "model.model.4.m.2.cv2.conv",
                1,
                7
            ],
            [
                1,
                1,
                3,
                0,
                "model.model.4.m.2.cv2.conv",
                1,
                8
            ],
            [
                1,
                1,
                3,
                0,
                "model.model.4.m.2.cv2.conv",
                1,
                6
            ],
            [
                1,
                1,
                0,
                58,
                "model.model.4.m.2.cv1.conv",
                1,
                2
            ],
            [
                1,
                1,
                0,
                58,
                "model.model.4.m.2.cv1.conv",
                1,
                0
            ],
            [
                1,
                1,
                0,
                58,
                "model.model.4.m.2.cv1.conv",
                1,
                1
            ]
        ]
    }
}