{
    "member_0": {
        "bestAttackedWeight": [
            0.20713896839391313,
            0.20796738052740693,
            0.20796738052740693,
            1.8643589382991195,
            1.8643589382991195,
            1.8524860190939054,
            0.3143969787768506,
            0.3171915535349399,
            0.2556775327169393
        ],
        "kernel_idx": [
            [
                1,
                1,
                0,
                31,
                "model.model.4.m.3.cv1.conv",
                1,
                4
            ],
            [
                1,
                1,
                0,
                31,
                "model.model.4.m.3.cv1.conv",
                1,
                1
            ],
            [
                1,
                1,
                0,
                31,
                "model.model.4.m.3.cv1.conv",
                1,
                5
            ],
            [
                1,
                1,
                31,
                0,
                "model.model.4.m.2.cv2.conv",
                1,
                0
            ],
            [
                1,
                1,
                31,
                0,
                "model.model.4.m.2.cv2.conv",
                1,
                2
            ],
            [
                1,
                1,
                31,
                0,
                "model.model.4.m.2.cv2.conv",
                1,
                1
            ],
            [
                1,
                1,
                0,
                58,
                "model.model.4.m.2.cv1.conv",
                1,
                2
            ],
            [
                1,
                1,
                0,
                58,
                "model.model.4.m.2.cv1.conv",
                1,
                0
            ],
            [
                1,
                1,
                0,
                58,
                "model.model.4.m.2.cv1.conv",
                1,
                1
            ]
        ]
    }
}