{
    "member_0": {
        "bestAttackedWeight": [
            0.19823273155269963,
            0.20796738052740693,
            0.16783131352853384,
            0.20796738052740693,
            1.841651504629837,
            1.7518534757421929,
            1.7977369148050324,
            1.8394784455884574,
            0.3166817462261914,
            0.3171915535349399,
            0.3171915535349399,
            0.3102894988434806
        ],
        "kernel_idx": [
            [
                1,
                1,
                14,
                59,
                "model.model.4.m.3.cv1.conv",
                1,
                4
            ],
            [
                1,
                1,
                14,
                59,
                "model.model.4.m.3.cv1.conv",
                1,
                2
            ],
            [
                1,
                1,
                14,
                59,
                "model.model.4.m.3.cv1.conv",
                1,
                1
            ],
            [
                1,
                1,
                14,
                59,
                "model.model.4.m.3.cv1.conv",
                1,
                3
            ],
            [
                1,
                1,
                59,
                0,
                "model.model.4.m.2.cv2.conv",
                1,
                1
            ],
            [
                1,
                1,
                59,
                0,
                "model.model.4.m.2.cv2.conv",
                1,
                5
            ],
            [
                1,
                1,
                59,
                0,
                "model.model.4.m.2.cv2.conv",
                1,
                2
            ],
            [
                1,
                1,
                59,
                0,
                "model.model.4.m.2.cv2.conv",
                1,
                0
            ],
            [
                1,
                1,
                0,
                58,
                "model.model.4.m.2.cv1.conv",
                1,
                2
            ],
            [
                1,
                1,
                0,
                58,
                "model.model.4.m.2.cv1.conv",
                1,
                0
            ],
            [
                1,
                1,
                0,
                58,
                "model.model.4.m.2.cv1.conv",
                1,
                1
            ],
            [
                1,
                1,
                0,
                58,
                "model.model.4.m.2.cv1.conv",
                1,
                3
            ]
        ]
    }
}