{
    "member_0": {
        "bestAttackedWeight": [
            0.20796738052740693,
            0.20796738052740693,
            0.20796738052740693,
            1.8265464281539605,
            1.7616367904641477,
            1.820770343460343,
            0.31009708348991993,
            0.3171915535349399,
            0.3171915535349399
        ],
        "kernel_idx": [
            [
                1,
                1,
                49,
                3,
                "model.model.4.m.3.cv1.conv",
                1,
                5
            ],
            [
                1,
                1,
                49,
                3,
                "model.model.4.m.3.cv1.conv",
                1,
                7
            ],
            [
                1,
                1,
                49,
                3,
                "model.model.4.m.3.cv1.conv",
                1,
                3
            ],
            [
                1,
                1,
                3,
                0,
                "model.model.4.m.2.cv2.conv",
                1,
                7
            ],
            [
                1,
                1,
                3,
                0,
                "model.model.4.m.2.cv2.conv",
                1,
                8
            ],
            [
                1,
                1,
                3,
                0,
                "model.model.4.m.2.cv2.conv",
                1,
                6
            ],
            [
                1,
                1,
                0,
                58,
                "model.model.4.m.2.cv1.conv",
                1,
                2
            ],
            [
                1,
                1,
                0,
                58,
                "model.model.4.m.2.cv1.conv",
                1,
                0
            ],
            [
                1,
                1,
                0,
                58,
                "model.model.4.m.2.cv1.conv",
                1,
                1
            ]
        ]
    }
}